cliente 0;CWB;BHZ;3 dias;4 estrelas;R$ 3000
cliente 1;FOR;BHZ;3 dias;3 estrelas;R$ 7000
cliente 2;REC;SSA;7 dias;4 estrelas;R$ 4000
cliente 3;FLN;BSB;7 dias;1 estrelas;R$ 7000
cliente 4;PMW;RIO;4 dias;4 estrelas;R$ 6000
cliente 5;FOR;SSA;7 dias;3 estrelas;R$ 4000
cliente 6;SAO;BHZ;1 dias;2 estrelas;R$ 3000
cliente 7;CUR;REC;2 dias;2 estrelas;R$ 3000
cliente 8;BHZ;RIO;5 dias;2 estrelas;R$ 3000
cliente 9;GOI;RIO;2 dias;2 estrelas;R$ 5000
cliente 10;CWB;SSA;7 dias;2 estrelas;R$ 6000
cliente 11;CWB;FLN;3 dias;5 estrelas;R$ 6000
cliente 12;SAO;GOI;1 dias;4 estrelas;R$ 3000
cliente 13;GOI;SSA;6 dias;4 estrelas;R$ 3000
cliente 14;REC;SSA;6 dias;5 estrelas;R$ 6000
cliente 15;CUR;SAO;2 dias;1 estrelas;R$ 6000
cliente 16;RIO;CUR;1 dias;5 estrelas;R$ 6000
cliente 17;BHZ;SSA;1 dias;3 estrelas;R$ 7000
cliente 18;PMW;SAO;6 dias;3 estrelas;R$ 7000
cliente 19;SAO;FOR;1 dias;1 estrelas;R$ 7000
cliente 20;FLN;BHZ;2 dias;2 estrelas;R$ 7000
cliente 21;GOI;RIO;2 dias;5 estrelas;R$ 3000
cliente 22;FLN;REC;5 dias;2 estrelas;R$ 7000
cliente 23;GOI;PMW;5 dias;2 estrelas;R$ 7000
cliente 24;REC;FLN;6 dias;1 estrelas;R$ 4000
cliente 25;CWB;GOI;3 dias;3 estrelas;R$ 4000
cliente 26;REC;BHZ;7 dias;3 estrelas;R$ 6000
cliente 27;RIO;PMW;4 dias;4 estrelas;R$ 6000
cliente 28;REC;RIO;6 dias;3 estrelas;R$ 7000
cliente 29;FOR;BSB;1 dias;5 estrelas;R$ 4000
cliente 30;GOI;SSA;4 dias;5 estrelas;R$ 3000
cliente 31;BSB;BHZ;5 dias;1 estrelas;R$ 3000
cliente 32;RIO;REC;6 dias;3 estrelas;R$ 7000
cliente 33;SAO;FLN;4 dias;4 estrelas;R$ 3000
cliente 34;PMW;BHZ;2 dias;4 estrelas;R$ 5000
cliente 35;PMW;SAO;5 dias;1 estrelas;R$ 5000
cliente 36;SSA;PMW;2 dias;5 estrelas;R$ 6000
cliente 37;SAO;FLN;3 dias;4 estrelas;R$ 3000
cliente 38;CWB;SAO;6 dias;4 estrelas;R$ 7000
cliente 39;SSA;SAO;1 dias;1 estrelas;R$ 3000
cliente 40;CUR;REC;1 dias;3 estrelas;R$ 3000
cliente 41;SSA;SAO;2 dias;3 estrelas;R$ 7000
cliente 42;BHZ;FLN;6 dias;3 estrelas;R$ 5000
cliente 43;FLN;RIO;6 dias;1 estrelas;R$ 5000
cliente 44;REC;BSB;5 dias;1 estrelas;R$ 4000
cliente 45;RIO;REC;5 dias;1 estrelas;R$ 3000
cliente 46;SSA;SAO;2 dias;4 estrelas;R$ 6000
cliente 47;SSA;SAO;7 dias;3 estrelas;R$ 6000
cliente 48;PMW;REC;7 dias;1 estrelas;R$ 3000
cliente 49;BSB;REC;3 dias;5 estrelas;R$ 7000
cliente 50;CWB;FOR;5 dias;1 estrelas;R$ 4000
cliente 51;GOI;FOR;2 dias;5 estrelas;R$ 7000
cliente 52;FLN;SAO;2 dias;4 estrelas;R$ 4000
cliente 53;FOR;SSA;5 dias;2 estrelas;R$ 7000
cliente 54;CWB;FOR;5 dias;5 estrelas;R$ 5000
cliente 55;BHZ;CUR;5 dias;5 estrelas;R$ 7000
cliente 56;BSB;BHZ;1 dias;4 estrelas;R$ 7000
cliente 57;REC;BHZ;7 dias;3 estrelas;R$ 6000
cliente 58;BSB;SAO;4 dias;1 estrelas;R$ 3000
cliente 59;FLN;CWB;4 dias;4 estrelas;R$ 7000
cliente 60;PMW;SAO;1 dias;1 estrelas;R$ 3000
cliente 61;SSA;RIO;5 dias;5 estrelas;R$ 3000
cliente 62;PMW;FOR;5 dias;3 estrelas;R$ 6000
cliente 63;FLN;CUR;2 dias;1 estrelas;R$ 6000
cliente 64;SSA;BSB;7 dias;2 estrelas;R$ 4000
cliente 65;PMW;SSA;2 dias;2 estrelas;R$ 6000
cliente 66;FOR;CWB;3 dias;2 estrelas;R$ 5000
cliente 67;PMW;GOI;5 dias;2 estrelas;R$ 3000
cliente 68;RIO;BSB;3 dias;5 estrelas;R$ 3000
cliente 69;FLN;SSA;3 dias;1 estrelas;R$ 6000
cliente 70;PMW;FLN;7 dias;2 estrelas;R$ 3000
cliente 71;SSA;BSB;5 dias;4 estrelas;R$ 4000
cliente 72;PMW;FLN;7 dias;4 estrelas;R$ 7000
cliente 73;BSB;GOI;1 dias;1 estrelas;R$ 4000
cliente 74;CWB;FLN;6 dias;3 estrelas;R$ 7000
cliente 75;GOI;REC;5 dias;4 estrelas;R$ 5000
cliente 76;REC;PMW;4 dias;2 estrelas;R$ 5000
cliente 77;BHZ;PMW;5 dias;2 estrelas;R$ 5000
cliente 78;CUR;PMW;7 dias;3 estrelas;R$ 4000
cliente 79;BHZ;SSA;1 dias;1 estrelas;R$ 5000
cliente 80;GOI;BSB;5 dias;3 estrelas;R$ 6000
cliente 81;SAO;FOR;1 dias;5 estrelas;R$ 5000
cliente 82;PMW;SAO;6 dias;3 estrelas;R$ 4000
cliente 83;REC;GOI;2 dias;4 estrelas;R$ 3000
cliente 84;PMW;BHZ;3 dias;5 estrelas;R$ 3000
cliente 85;FOR;PMW;6 dias;2 estrelas;R$ 7000
cliente 86;PMW;BSB;4 dias;3 estrelas;R$ 3000
cliente 87;BHZ;BSB;3 dias;1 estrelas;R$ 3000
cliente 88;GOI;FOR;6 dias;2 estrelas;R$ 6000
cliente 89;FOR;FLN;5 dias;2 estrelas;R$ 6000
cliente 90;RIO;BSB;4 dias;5 estrelas;R$ 7000
cliente 91;BHZ;PMW;6 dias;5 estrelas;R$ 3000
cliente 92;GOI;CUR;2 dias;1 estrelas;R$ 6000
cliente 93;CUR;REC;3 dias;2 estrelas;R$ 7000
cliente 94;PMW;CWB;6 dias;1 estrelas;R$ 6000
cliente 95;REC;CWB;4 dias;4 estrelas;R$ 4000
cliente 96;CWB;BSB;1 dias;2 estrelas;R$ 6000
cliente 97;SSA;FOR;7 dias;1 estrelas;R$ 4000
cliente 98;SAO;CWB;4 dias;2 estrelas;R$ 3000
cliente 99;BHZ;SAO;4 dias;4 estrelas;R$ 6000
cliente 100;BHZ;REC;7 dias;5 estrelas;R$ 7000
cliente 101;BHZ;CWB;5 dias;4 estrelas;R$ 7000
cliente 102;RIO;BHZ;5 dias;2 estrelas;R$ 6000
cliente 103;FOR;BHZ;2 dias;1 estrelas;R$ 6000
cliente 104;CWB;PMW;4 dias;1 estrelas;R$ 3000
cliente 105;BSB;CWB;7 dias;3 estrelas;R$ 6000
cliente 106;PMW;FOR;7 dias;4 estrelas;R$ 7000
cliente 107;FLN;BSB;3 dias;4 estrelas;R$ 5000
cliente 108;RIO;CWB;6 dias;1 estrelas;R$ 3000
cliente 109;BHZ;REC;5 dias;5 estrelas;R$ 5000
cliente 110;FLN;CUR;5 dias;1 estrelas;R$ 5000
cliente 111;SAO;SSA;6 dias;3 estrelas;R$ 7000
cliente 112;BSB;REC;6 dias;1 estrelas;R$ 7000
cliente 113;BHZ;GOI;7 dias;5 estrelas;R$ 3000
cliente 114;BHZ;SSA;4 dias;1 estrelas;R$ 3000
cliente 115;SSA;CWB;3 dias;3 estrelas;R$ 6000
cliente 116;GOI;SSA;6 dias;3 estrelas;R$ 7000
cliente 117;FLN;RIO;2 dias;5 estrelas;R$ 6000
cliente 118;PMW;RIO;4 dias;4 estrelas;R$ 4000
cliente 119;CWB;CUR;2 dias;1 estrelas;R$ 5000
cliente 120;BHZ;SSA;6 dias;5 estrelas;R$ 3000
cliente 121;FLN;RIO;4 dias;1 estrelas;R$ 7000
cliente 122;PMW;FOR;2 dias;1 estrelas;R$ 3000
cliente 123;REC;RIO;2 dias;3 estrelas;R$ 6000
cliente 124;PMW;FOR;3 dias;3 estrelas;R$ 3000
cliente 125;SSA;RIO;7 dias;2 estrelas;R$ 4000
cliente 126;BSB;BHZ;2 dias;4 estrelas;R$ 4000
cliente 127;CUR;FOR;3 dias;2 estrelas;R$ 6000
cliente 128;FLN;FOR;2 dias;2 estrelas;R$ 6000
cliente 129;CUR;SAO;1 dias;3 estrelas;R$ 6000
cliente 130;BHZ;CWB;7 dias;2 estrelas;R$ 5000
cliente 131;RIO;PMW;4 dias;5 estrelas;R$ 7000
cliente 132;BSB;REC;4 dias;1 estrelas;R$ 3000
cliente 133;BSB;SSA;5 dias;5 estrelas;R$ 3000
cliente 134;SSA;FOR;3 dias;3 estrelas;R$ 4000
cliente 135;CUR;FLN;4 dias;5 estrelas;R$ 4000
cliente 136;REC;BHZ;4 dias;1 estrelas;R$ 3000
cliente 137;FLN;RIO;3 dias;1 estrelas;R$ 5000
cliente 138;FOR;RIO;6 dias;1 estrelas;R$ 3000
cliente 139;CWB;REC;5 dias;3 estrelas;R$ 5000
cliente 140;SAO;BSB;7 dias;4 estrelas;R$ 6000
cliente 141;GOI;CWB;1 dias;1 estrelas;R$ 5000
cliente 142;SAO;PMW;2 dias;5 estrelas;R$ 6000
cliente 143;SSA;BSB;1 dias;2 estrelas;R$ 4000
cliente 144;SAO;CUR;7 dias;1 estrelas;R$ 3000
cliente 145;PMW;BSB;4 dias;4 estrelas;R$ 3000
cliente 146;SSA;FOR;1 dias;2 estrelas;R$ 7000
cliente 147;FLN;SSA;5 dias;3 estrelas;R$ 7000
cliente 148;BSB;PMW;7 dias;4 estrelas;R$ 5000
cliente 149;SSA;GOI;4 dias;5 estrelas;R$ 6000
cliente 150;BSB;GOI;7 dias;4 estrelas;R$ 7000
cliente 151;REC;CWB;3 dias;1 estrelas;R$ 3000
cliente 152;GOI;CUR;4 dias;1 estrelas;R$ 7000
cliente 153;CWB;RIO;1 dias;1 estrelas;R$ 7000
cliente 154;GOI;SSA;1 dias;1 estrelas;R$ 7000
cliente 155;FOR;PMW;5 dias;3 estrelas;R$ 6000
cliente 156;CWB;BHZ;2 dias;1 estrelas;R$ 7000
cliente 157;FLN;FOR;4 dias;1 estrelas;R$ 3000
cliente 158;CUR;REC;3 dias;4 estrelas;R$ 4000
cliente 159;CUR;BHZ;6 dias;3 estrelas;R$ 5000
cliente 160;FOR;GOI;7 dias;5 estrelas;R$ 4000
cliente 161;GOI;FLN;7 dias;1 estrelas;R$ 3000
cliente 162;SAO;FOR;2 dias;2 estrelas;R$ 7000
cliente 163;FOR;GOI;4 dias;1 estrelas;R$ 5000
cliente 164;FOR;GOI;4 dias;1 estrelas;R$ 6000
cliente 165;SAO;RIO;1 dias;2 estrelas;R$ 4000
cliente 166;FLN;REC;4 dias;3 estrelas;R$ 5000
cliente 167;CUR;RIO;4 dias;3 estrelas;R$ 7000
cliente 168;PMW;FOR;3 dias;2 estrelas;R$ 6000
cliente 169;PMW;FOR;4 dias;2 estrelas;R$ 6000
cliente 170;GOI;REC;5 dias;1 estrelas;R$ 3000
cliente 171;CWB;RIO;2 dias;4 estrelas;R$ 6000
cliente 172;SSA;REC;7 dias;4 estrelas;R$ 4000
cliente 173;CUR;SAO;4 dias;2 estrelas;R$ 5000
cliente 174;SAO;RIO;7 dias;1 estrelas;R$ 3000
cliente 175;RIO;CUR;2 dias;2 estrelas;R$ 5000
cliente 176;PMW;BSB;7 dias;4 estrelas;R$ 6000
cliente 177;RIO;SAO;4 dias;4 estrelas;R$ 7000
cliente 178;BSB;SSA;3 dias;1 estrelas;R$ 5000
cliente 179;CWB;FOR;5 dias;1 estrelas;R$ 6000
cliente 180;BHZ;RIO;5 dias;1 estrelas;R$ 5000
cliente 181;CUR;REC;5 dias;1 estrelas;R$ 6000
cliente 182;REC;FLN;5 dias;3 estrelas;R$ 3000
cliente 183;BSB;CWB;4 dias;1 estrelas;R$ 6000
cliente 184;RIO;BSB;1 dias;5 estrelas;R$ 4000
cliente 185;FOR;FLN;2 dias;3 estrelas;R$ 5000
cliente 186;RIO;CWB;4 dias;4 estrelas;R$ 7000
cliente 187;SAO;SSA;2 dias;1 estrelas;R$ 6000
cliente 188;BHZ;CUR;4 dias;3 estrelas;R$ 6000
cliente 189;BSB;RIO;6 dias;5 estrelas;R$ 4000
cliente 190;RIO;BSB;4 dias;3 estrelas;R$ 5000
cliente 191;RIO;PMW;6 dias;5 estrelas;R$ 6000
cliente 192;BHZ;BSB;2 dias;1 estrelas;R$ 5000
cliente 193;SAO;PMW;4 dias;1 estrelas;R$ 5000
cliente 194;CWB;SAO;4 dias;3 estrelas;R$ 3000
cliente 195;REC;BHZ;2 dias;4 estrelas;R$ 3000
cliente 196;FLN;CUR;6 dias;4 estrelas;R$ 5000
cliente 197;GOI;SSA;4 dias;3 estrelas;R$ 7000
cliente 198;FLN;CWB;3 dias;3 estrelas;R$ 3000
cliente 199;BSB;PMW;5 dias;5 estrelas;R$ 6000
cliente 200;GOI;PMW;1 dias;4 estrelas;R$ 5000
cliente 201;SSA;SAO;3 dias;1 estrelas;R$ 5000
cliente 202;CWB;BHZ;2 dias;4 estrelas;R$ 5000
cliente 203;CWB;CUR;1 dias;2 estrelas;R$ 7000
cliente 204;SSA;CUR;2 dias;5 estrelas;R$ 4000
cliente 205;SSA;SAO;3 dias;1 estrelas;R$ 4000
cliente 206;BHZ;FOR;2 dias;5 estrelas;R$ 6000
cliente 207;FOR;SSA;1 dias;2 estrelas;R$ 4000
cliente 208;CUR;GOI;2 dias;1 estrelas;R$ 4000
cliente 209;SSA;CWB;3 dias;4 estrelas;R$ 3000
cliente 210;BHZ;GOI;5 dias;3 estrelas;R$ 4000
cliente 211;BHZ;RIO;2 dias;5 estrelas;R$ 3000
cliente 212;BHZ;FOR;6 dias;1 estrelas;R$ 4000
cliente 213;PMW;CUR;6 dias;2 estrelas;R$ 6000
cliente 214;RIO;CUR;7 dias;2 estrelas;R$ 7000
cliente 215;REC;PMW;3 dias;4 estrelas;R$ 7000
cliente 216;FLN;SAO;5 dias;5 estrelas;R$ 6000
cliente 217;GOI;PMW;3 dias;3 estrelas;R$ 5000
cliente 218;RIO;SAO;3 dias;3 estrelas;R$ 6000
cliente 219;SSA;FOR;2 dias;5 estrelas;R$ 7000
cliente 220;BSB;REC;4 dias;1 estrelas;R$ 4000
cliente 221;SSA;CUR;7 dias;2 estrelas;R$ 6000
cliente 222;CWB;PMW;5 dias;3 estrelas;R$ 5000
cliente 223;PMW;REC;4 dias;1 estrelas;R$ 7000
cliente 224;FLN;GOI;3 dias;5 estrelas;R$ 6000
cliente 225;SSA;FLN;1 dias;3 estrelas;R$ 5000
cliente 226;REC;FLN;5 dias;5 estrelas;R$ 5000
cliente 227;FOR;BSB;5 dias;4 estrelas;R$ 3000
cliente 228;RIO;SAO;1 dias;2 estrelas;R$ 6000
cliente 229;CWB;REC;5 dias;1 estrelas;R$ 4000
cliente 230;GOI;SAO;6 dias;4 estrelas;R$ 6000
cliente 231;PMW;SAO;7 dias;3 estrelas;R$ 3000
cliente 232;FLN;PMW;4 dias;2 estrelas;R$ 4000
cliente 233;FOR;REC;7 dias;3 estrelas;R$ 7000
cliente 234;CUR;SAO;2 dias;4 estrelas;R$ 6000
cliente 235;CUR;BSB;3 dias;4 estrelas;R$ 6000
cliente 236;SAO;BHZ;4 dias;4 estrelas;R$ 3000
cliente 237;BSB;SAO;2 dias;4 estrelas;R$ 5000
cliente 238;BHZ;FLN;4 dias;2 estrelas;R$ 4000
cliente 239;GOI;FLN;2 dias;5 estrelas;R$ 3000
cliente 240;BSB;BHZ;3 dias;3 estrelas;R$ 5000
cliente 241;FLN;REC;1 dias;1 estrelas;R$ 6000
cliente 242;FLN;BSB;1 dias;5 estrelas;R$ 5000
cliente 243;SAO;FOR;6 dias;2 estrelas;R$ 4000
cliente 244;SSA;FLN;1 dias;5 estrelas;R$ 3000
cliente 245;CUR;REC;7 dias;1 estrelas;R$ 6000
cliente 246;CUR;GOI;7 dias;2 estrelas;R$ 3000
cliente 247;GOI;BSB;3 dias;1 estrelas;R$ 4000
cliente 248;REC;PMW;7 dias;2 estrelas;R$ 4000
cliente 249;FLN;FOR;6 dias;2 estrelas;R$ 3000
cliente 250;CWB;GOI;4 dias;4 estrelas;R$ 5000
cliente 251;CWB;GOI;2 dias;4 estrelas;R$ 4000
cliente 252;CUR;PMW;1 dias;2 estrelas;R$ 7000
cliente 253;CUR;FLN;4 dias;2 estrelas;R$ 6000
cliente 254;SSA;CWB;3 dias;3 estrelas;R$ 3000
cliente 255;SSA;CWB;1 dias;2 estrelas;R$ 4000
cliente 256;BSB;REC;5 dias;2 estrelas;R$ 6000
cliente 257;RIO;SSA;3 dias;4 estrelas;R$ 3000
cliente 258;BHZ;PMW;1 dias;2 estrelas;R$ 4000
cliente 259;SSA;CWB;2 dias;4 estrelas;R$ 6000
cliente 260;SSA;BSB;3 dias;2 estrelas;R$ 6000
cliente 261;FOR;BSB;3 dias;1 estrelas;R$ 5000
cliente 262;BSB;CWB;7 dias;4 estrelas;R$ 7000
cliente 263;SAO;REC;4 dias;5 estrelas;R$ 6000
cliente 264;CWB;FOR;5 dias;3 estrelas;R$ 3000
cliente 265;SAO;FOR;5 dias;2 estrelas;R$ 6000
cliente 266;PMW;FLN;6 dias;2 estrelas;R$ 7000
cliente 267;SAO;SSA;1 dias;2 estrelas;R$ 7000
cliente 268;FLN;GOI;4 dias;5 estrelas;R$ 7000
cliente 269;SSA;REC;1 dias;2 estrelas;R$ 5000
cliente 270;FOR;GOI;5 dias;2 estrelas;R$ 5000
cliente 271;CWB;PMW;2 dias;2 estrelas;R$ 3000
cliente 272;PMW;SAO;7 dias;2 estrelas;R$ 5000
cliente 273;FLN;BHZ;5 dias;2 estrelas;R$ 5000
cliente 274;PMW;CWB;5 dias;5 estrelas;R$ 3000
cliente 275;BSB;PMW;6 dias;5 estrelas;R$ 6000
cliente 276;BSB;FLN;2 dias;5 estrelas;R$ 5000
cliente 277;CWB;FOR;3 dias;4 estrelas;R$ 7000
cliente 278;SAO;BHZ;4 dias;4 estrelas;R$ 3000
cliente 279;FOR;BHZ;4 dias;5 estrelas;R$ 4000
cliente 280;CUR;BHZ;5 dias;4 estrelas;R$ 3000
cliente 281;SSA;GOI;3 dias;5 estrelas;R$ 6000
cliente 282;PMW;FLN;7 dias;2 estrelas;R$ 4000
cliente 283;BHZ;RIO;3 dias;3 estrelas;R$ 4000
cliente 284;FOR;GOI;3 dias;1 estrelas;R$ 3000
cliente 285;SAO;RIO;3 dias;1 estrelas;R$ 5000
cliente 286;REC;BHZ;1 dias;2 estrelas;R$ 6000
cliente 287;GOI;CWB;2 dias;3 estrelas;R$ 4000
cliente 288;SAO;PMW;6 dias;2 estrelas;R$ 5000
cliente 289;FLN;BHZ;4 dias;1 estrelas;R$ 6000
cliente 290;RIO;REC;4 dias;4 estrelas;R$ 5000
cliente 291;BSB;PMW;6 dias;3 estrelas;R$ 6000
cliente 292;REC;PMW;7 dias;5 estrelas;R$ 6000
cliente 293;SAO;REC;2 dias;4 estrelas;R$ 5000
cliente 294;GOI;FLN;3 dias;3 estrelas;R$ 4000
cliente 295;CWB;RIO;1 dias;3 estrelas;R$ 3000
cliente 296;SAO;BSB;4 dias;5 estrelas;R$ 5000
cliente 297;RIO;PMW;3 dias;1 estrelas;R$ 4000
cliente 298;CWB;SSA;1 dias;1 estrelas;R$ 6000
cliente 299;BSB;RIO;6 dias;4 estrelas;R$ 3000
cliente 300;GOI;BHZ;1 dias;2 estrelas;R$ 4000
cliente 301;PMW;CUR;1 dias;2 estrelas;R$ 3000
cliente 302;BHZ;RIO;4 dias;4 estrelas;R$ 4000
cliente 303;RIO;REC;6 dias;4 estrelas;R$ 7000
cliente 304;BHZ;SSA;4 dias;1 estrelas;R$ 5000
cliente 305;CUR;BHZ;2 dias;4 estrelas;R$ 5000
cliente 306;BSB;RIO;4 dias;2 estrelas;R$ 3000
cliente 307;REC;BHZ;3 dias;1 estrelas;R$ 6000
cliente 308;GOI;BSB;2 dias;1 estrelas;R$ 7000
cliente 309;CUR;REC;3 dias;2 estrelas;R$ 4000
cliente 310;SSA;BHZ;7 dias;4 estrelas;R$ 6000
cliente 311;BHZ;FOR;3 dias;1 estrelas;R$ 7000
cliente 312;CWB;FLN;4 dias;1 estrelas;R$ 6000
cliente 313;RIO;BSB;7 dias;1 estrelas;R$ 6000
cliente 314;BSB;CUR;1 dias;2 estrelas;R$ 5000
cliente 315;CWB;RIO;6 dias;4 estrelas;R$ 6000
cliente 316;SSA;PMW;4 dias;4 estrelas;R$ 4000
cliente 317;SAO;SSA;7 dias;1 estrelas;R$ 4000
cliente 318;SAO;PMW;1 dias;1 estrelas;R$ 6000
cliente 319;PMW;RIO;6 dias;5 estrelas;R$ 3000
cliente 320;RIO;SAO;7 dias;4 estrelas;R$ 5000
cliente 321;FLN;GOI;3 dias;3 estrelas;R$ 3000
cliente 322;GOI;FLN;3 dias;4 estrelas;R$ 4000
cliente 323;REC;SAO;2 dias;3 estrelas;R$ 7000
cliente 324;BHZ;GOI;5 dias;4 estrelas;R$ 3000
cliente 325;FLN;RIO;2 dias;4 estrelas;R$ 4000
cliente 326;PMW;CWB;1 dias;5 estrelas;R$ 4000
cliente 327;FOR;SSA;4 dias;3 estrelas;R$ 3000
cliente 328;GOI;RIO;2 dias;5 estrelas;R$ 6000
cliente 329;PMW;CUR;5 dias;5 estrelas;R$ 7000
cliente 330;BHZ;CWB;7 dias;5 estrelas;R$ 3000
cliente 331;SAO;CUR;5 dias;3 estrelas;R$ 7000
cliente 332;FLN;FOR;7 dias;3 estrelas;R$ 3000
cliente 333;GOI;FOR;4 dias;2 estrelas;R$ 4000
cliente 334;SAO;PMW;3 dias;4 estrelas;R$ 4000
cliente 335;FOR;CWB;2 dias;3 estrelas;R$ 6000
cliente 336;SAO;REC;3 dias;5 estrelas;R$ 5000
cliente 337;CWB;SSA;4 dias;2 estrelas;R$ 5000
cliente 338;GOI;RIO;6 dias;2 estrelas;R$ 3000
cliente 339;SAO;FOR;1 dias;5 estrelas;R$ 3000
cliente 340;SSA;RIO;7 dias;4 estrelas;R$ 4000
cliente 341;SSA;GOI;2 dias;3 estrelas;R$ 5000
cliente 342;CUR;BSB;5 dias;1 estrelas;R$ 3000
cliente 343;BHZ;SAO;4 dias;1 estrelas;R$ 7000
cliente 344;GOI;BSB;6 dias;4 estrelas;R$ 4000
cliente 345;SSA;FLN;6 dias;3 estrelas;R$ 5000
cliente 346;PMW;REC;6 dias;4 estrelas;R$ 5000
cliente 347;FLN;REC;4 dias;2 estrelas;R$ 7000
cliente 348;CUR;BSB;5 dias;3 estrelas;R$ 4000
cliente 349;FOR;SSA;6 dias;3 estrelas;R$ 3000
cliente 350;PMW;SAO;4 dias;2 estrelas;R$ 7000
cliente 351;RIO;CUR;3 dias;5 estrelas;R$ 5000
cliente 352;FOR;GOI;3 dias;1 estrelas;R$ 5000
cliente 353;GOI;CUR;1 dias;3 estrelas;R$ 6000
cliente 354;REC;GOI;1 dias;5 estrelas;R$ 4000
cliente 355;SAO;SSA;7 dias;2 estrelas;R$ 7000
cliente 356;BSB;RIO;1 dias;4 estrelas;R$ 6000
cliente 357;REC;CUR;2 dias;2 estrelas;R$ 6000
cliente 358;SAO;CUR;5 dias;1 estrelas;R$ 6000
cliente 359;PMW;SSA;4 dias;4 estrelas;R$ 3000
cliente 360;FLN;CWB;5 dias;1 estrelas;R$ 6000
cliente 361;FOR;SSA;6 dias;2 estrelas;R$ 6000
cliente 362;SAO;PMW;1 dias;5 estrelas;R$ 3000
cliente 363;FLN;CWB;4 dias;1 estrelas;R$ 5000
cliente 364;SSA;BSB;2 dias;4 estrelas;R$ 3000
cliente 365;RIO;CWB;3 dias;2 estrelas;R$ 5000
cliente 366;BHZ;BSB;1 dias;4 estrelas;R$ 6000
cliente 367;SAO;RIO;5 dias;5 estrelas;R$ 6000
cliente 368;GOI;BSB;3 dias;2 estrelas;R$ 7000
cliente 369;RIO;FOR;2 dias;4 estrelas;R$ 6000
cliente 370;FOR;CUR;7 dias;2 estrelas;R$ 3000
cliente 371;RIO;CUR;6 dias;4 estrelas;R$ 4000
cliente 372;RIO;SAO;6 dias;2 estrelas;R$ 4000
cliente 373;CWB;FLN;5 dias;1 estrelas;R$ 3000
cliente 374;CUR;CWB;4 dias;3 estrelas;R$ 5000
cliente 375;FOR;SAO;3 dias;2 estrelas;R$ 4000
cliente 376;SAO;FLN;4 dias;4 estrelas;R$ 3000
cliente 377;CUR;PMW;4 dias;1 estrelas;R$ 3000
cliente 378;BHZ;RIO;5 dias;4 estrelas;R$ 4000
cliente 379;CUR;BSB;4 dias;2 estrelas;R$ 6000
cliente 380;CUR;FLN;5 dias;5 estrelas;R$ 3000
cliente 381;REC;SAO;6 dias;4 estrelas;R$ 3000
cliente 382;CWB;FOR;4 dias;1 estrelas;R$ 6000
cliente 383;CUR;FLN;5 dias;4 estrelas;R$ 7000
cliente 384;SAO;RIO;4 dias;1 estrelas;R$ 7000
cliente 385;PMW;GOI;4 dias;2 estrelas;R$ 4000
cliente 386;FOR;CUR;7 dias;1 estrelas;R$ 4000
cliente 387;RIO;BSB;7 dias;4 estrelas;R$ 7000
cliente 388;PMW;BSB;4 dias;3 estrelas;R$ 6000
cliente 389;BSB;RIO;4 dias;3 estrelas;R$ 3000
cliente 390;RIO;REC;3 dias;2 estrelas;R$ 7000
cliente 391;PMW;FLN;6 dias;5 estrelas;R$ 4000
cliente 392;RIO;CWB;7 dias;1 estrelas;R$ 3000
cliente 393;CUR;FLN;3 dias;2 estrelas;R$ 5000
cliente 394;REC;CUR;2 dias;1 estrelas;R$ 7000
cliente 395;SAO;CUR;3 dias;3 estrelas;R$ 3000
cliente 396;CUR;SSA;2 dias;5 estrelas;R$ 5000
cliente 397;FLN;SSA;5 dias;5 estrelas;R$ 3000
cliente 398;SSA;PMW;1 dias;5 estrelas;R$ 5000
cliente 399;FOR;SSA;2 dias;5 estrelas;R$ 5000
cliente 400;GOI;PMW;4 dias;4 estrelas;R$ 7000
cliente 401;FLN;SAO;2 dias;5 estrelas;R$ 3000
cliente 402;GOI;CWB;4 dias;5 estrelas;R$ 4000
cliente 403;BHZ;REC;7 dias;1 estrelas;R$ 6000
cliente 404;FLN;GOI;5 dias;2 estrelas;R$ 5000
cliente 405;BSB;BHZ;6 dias;3 estrelas;R$ 5000
cliente 406;BSB;RIO;6 dias;5 estrelas;R$ 7000
cliente 407;BHZ;PMW;4 dias;4 estrelas;R$ 7000
cliente 408;CUR;REC;5 dias;5 estrelas;R$ 4000
cliente 409;RIO;FLN;4 dias;4 estrelas;R$ 5000
cliente 410;CWB;REC;4 dias;3 estrelas;R$ 6000
cliente 411;SAO;REC;7 dias;5 estrelas;R$ 5000
cliente 412;GOI;PMW;1 dias;4 estrelas;R$ 5000
cliente 413;GOI;BHZ;2 dias;1 estrelas;R$ 7000
cliente 414;RIO;REC;2 dias;3 estrelas;R$ 7000
cliente 415;SSA;SAO;4 dias;2 estrelas;R$ 3000
cliente 416;BHZ;GOI;3 dias;3 estrelas;R$ 5000
cliente 417;BHZ;REC;5 dias;1 estrelas;R$ 6000
cliente 418;RIO;FOR;3 dias;4 estrelas;R$ 7000
cliente 419;BHZ;RIO;7 dias;2 estrelas;R$ 6000
cliente 420;BSB;BHZ;3 dias;5 estrelas;R$ 7000
cliente 421;CWB;FOR;6 dias;4 estrelas;R$ 4000
cliente 422;FLN;REC;5 dias;3 estrelas;R$ 3000
cliente 423;REC;SAO;2 dias;4 estrelas;R$ 3000
cliente 424;GOI;FOR;4 dias;4 estrelas;R$ 5000
cliente 425;BSB;BHZ;2 dias;3 estrelas;R$ 4000
cliente 426;SSA;BHZ;5 dias;5 estrelas;R$ 4000
cliente 427;FOR;PMW;1 dias;5 estrelas;R$ 7000
cliente 428;SAO;BHZ;1 dias;3 estrelas;R$ 3000
cliente 429;REC;PMW;2 dias;3 estrelas;R$ 7000
cliente 430;CUR;GOI;5 dias;4 estrelas;R$ 7000
cliente 431;FLN;BSB;4 dias;4 estrelas;R$ 4000
cliente 432;RIO;REC;1 dias;3 estrelas;R$ 4000
cliente 433;GOI;REC;6 dias;5 estrelas;R$ 5000
cliente 434;BHZ;GOI;3 dias;4 estrelas;R$ 6000
cliente 435;BHZ;SSA;3 dias;1 estrelas;R$ 5000
cliente 436;FLN;RIO;3 dias;5 estrelas;R$ 4000
cliente 437;PMW;GOI;4 dias;2 estrelas;R$ 3000
cliente 438;GOI;BSB;2 dias;1 estrelas;R$ 4000
cliente 439;RIO;CUR;3 dias;1 estrelas;R$ 3000
cliente 440;BHZ;FOR;5 dias;5 estrelas;R$ 3000
cliente 441;SSA;PMW;5 dias;3 estrelas;R$ 5000
cliente 442;BHZ;REC;5 dias;4 estrelas;R$ 6000
cliente 443;PMW;CWB;7 dias;1 estrelas;R$ 4000
cliente 444;PMW;GOI;4 dias;4 estrelas;R$ 4000
cliente 445;FOR;SAO;1 dias;1 estrelas;R$ 5000
cliente 446;SAO;BHZ;3 dias;2 estrelas;R$ 6000
cliente 447;PMW;REC;3 dias;5 estrelas;R$ 7000
cliente 448;SAO;FOR;1 dias;4 estrelas;R$ 6000
cliente 449;BHZ;CUR;7 dias;3 estrelas;R$ 3000
cliente 450;CUR;REC;2 dias;1 estrelas;R$ 6000
cliente 451;FLN;RIO;3 dias;3 estrelas;R$ 3000
cliente 452;SAO;SSA;1 dias;3 estrelas;R$ 7000
cliente 453;BHZ;PMW;5 dias;5 estrelas;R$ 4000
cliente 454;SAO;FOR;7 dias;2 estrelas;R$ 5000
cliente 455;FOR;CWB;3 dias;5 estrelas;R$ 6000
cliente 456;SAO;REC;4 dias;5 estrelas;R$ 4000
cliente 457;FOR;SAO;5 dias;3 estrelas;R$ 4000
cliente 458;GOI;BHZ;3 dias;1 estrelas;R$ 5000
cliente 459;GOI;RIO;2 dias;1 estrelas;R$ 6000
cliente 460;SAO;RIO;2 dias;4 estrelas;R$ 5000
cliente 461;REC;SAO;1 dias;3 estrelas;R$ 5000
cliente 462;SAO;SSA;3 dias;4 estrelas;R$ 5000
cliente 463;BSB;SSA;7 dias;3 estrelas;R$ 5000
cliente 464;SSA;BHZ;1 dias;3 estrelas;R$ 3000
cliente 465;GOI;BSB;2 dias;1 estrelas;R$ 5000
cliente 466;REC;PMW;1 dias;5 estrelas;R$ 7000
cliente 467;REC;CWB;4 dias;1 estrelas;R$ 3000
cliente 468;RIO;FOR;3 dias;1 estrelas;R$ 3000
cliente 469;CUR;FOR;1 dias;3 estrelas;R$ 3000
cliente 470;BHZ;SSA;2 dias;2 estrelas;R$ 7000
cliente 471;CWB;SSA;6 dias;4 estrelas;R$ 7000
cliente 472;FLN;RIO;5 dias;5 estrelas;R$ 5000
cliente 473;FLN;BHZ;5 dias;2 estrelas;R$ 6000
cliente 474;FLN;CWB;6 dias;5 estrelas;R$ 5000
cliente 475;RIO;BSB;5 dias;3 estrelas;R$ 4000
cliente 476;CUR;SSA;3 dias;3 estrelas;R$ 6000
cliente 477;SSA;SAO;7 dias;1 estrelas;R$ 5000
cliente 478;CUR;PMW;1 dias;4 estrelas;R$ 6000
cliente 479;CWB;FLN;5 dias;4 estrelas;R$ 4000
cliente 480;BHZ;BSB;1 dias;3 estrelas;R$ 3000
cliente 481;SSA;FLN;2 dias;2 estrelas;R$ 3000
cliente 482;CUR;CWB;6 dias;1 estrelas;R$ 7000
cliente 483;BSB;SAO;5 dias;3 estrelas;R$ 4000
cliente 484;FOR;SSA;5 dias;5 estrelas;R$ 4000
cliente 485;BSB;SSA;1 dias;2 estrelas;R$ 3000
cliente 486;GOI;SAO;4 dias;3 estrelas;R$ 6000
cliente 487;PMW;RIO;2 dias;5 estrelas;R$ 5000
cliente 488;REC;FLN;4 dias;1 estrelas;R$ 4000
cliente 489;FOR;CWB;7 dias;5 estrelas;R$ 3000
cliente 490;SSA;SAO;5 dias;1 estrelas;R$ 3000
cliente 491;SAO;BHZ;3 dias;2 estrelas;R$ 4000
cliente 492;REC;PMW;2 dias;3 estrelas;R$ 6000
cliente 493;CUR;PMW;6 dias;1 estrelas;R$ 3000
cliente 494;RIO;BSB;7 dias;5 estrelas;R$ 6000
cliente 495;BSB;FLN;4 dias;3 estrelas;R$ 6000
cliente 496;FLN;SAO;3 dias;5 estrelas;R$ 4000
cliente 497;RIO;CUR;4 dias;3 estrelas;R$ 6000
cliente 498;REC;BHZ;2 dias;2 estrelas;R$ 7000
cliente 499;REC;BHZ;2 dias;1 estrelas;R$ 4000
cliente 500;CUR;FOR;5 dias;2 estrelas;R$ 3000
cliente 501;BSB;CUR;4 dias;4 estrelas;R$ 6000
cliente 502;PMW;SAO;4 dias;5 estrelas;R$ 7000
cliente 503;SSA;FOR;7 dias;4 estrelas;R$ 7000
cliente 504;GOI;BHZ;2 dias;4 estrelas;R$ 4000
cliente 505;RIO;SAO;2 dias;2 estrelas;R$ 5000
cliente 506;RIO;FLN;4 dias;4 estrelas;R$ 7000
cliente 507;BHZ;RIO;3 dias;4 estrelas;R$ 3000
cliente 508;CUR;SSA;6 dias;5 estrelas;R$ 4000
cliente 509;GOI;FOR;4 dias;5 estrelas;R$ 4000
cliente 510;FLN;BSB;4 dias;1 estrelas;R$ 7000
cliente 511;BSB;FLN;7 dias;2 estrelas;R$ 5000
cliente 512;GOI;BHZ;4 dias;2 estrelas;R$ 6000
cliente 513;CWB;CUR;2 dias;1 estrelas;R$ 5000
cliente 514;BHZ;GOI;7 dias;3 estrelas;R$ 3000
cliente 515;PMW;GOI;3 dias;2 estrelas;R$ 3000
cliente 516;REC;GOI;6 dias;3 estrelas;R$ 5000
cliente 517;PMW;FOR;4 dias;3 estrelas;R$ 3000
cliente 518;GOI;SAO;3 dias;4 estrelas;R$ 6000
cliente 519;SAO;BHZ;5 dias;5 estrelas;R$ 7000
cliente 520;CWB;FLN;1 dias;4 estrelas;R$ 7000
cliente 521;GOI;RIO;3 dias;4 estrelas;R$ 5000
cliente 522;BSB;FLN;3 dias;1 estrelas;R$ 7000
cliente 523;SAO;FOR;7 dias;3 estrelas;R$ 5000
cliente 524;BSB;CWB;2 dias;5 estrelas;R$ 3000
cliente 525;CWB;FLN;6 dias;3 estrelas;R$ 6000
cliente 526;CWB;SAO;4 dias;4 estrelas;R$ 6000
cliente 527;CUR;BHZ;3 dias;1 estrelas;R$ 6000
cliente 528;RIO;BHZ;6 dias;2 estrelas;R$ 6000
cliente 529;PMW;BSB;1 dias;1 estrelas;R$ 7000
cliente 530;PMW;CWB;7 dias;2 estrelas;R$ 7000
cliente 531;BHZ;GOI;4 dias;1 estrelas;R$ 5000
cliente 532;FOR;BHZ;3 dias;2 estrelas;R$ 4000
cliente 533;SAO;CWB;5 dias;1 estrelas;R$ 6000
cliente 534;CWB;RIO;4 dias;3 estrelas;R$ 4000
cliente 535;FLN;FOR;6 dias;2 estrelas;R$ 6000
cliente 536;BHZ;SSA;3 dias;2 estrelas;R$ 6000
cliente 537;CUR;BHZ;6 dias;4 estrelas;R$ 7000
cliente 538;FOR;CUR;3 dias;2 estrelas;R$ 3000
cliente 539;BHZ;CWB;3 dias;5 estrelas;R$ 5000
cliente 540;REC;CUR;1 dias;3 estrelas;R$ 6000
cliente 541;CWB;PMW;1 dias;5 estrelas;R$ 3000
cliente 542;SAO;FLN;7 dias;5 estrelas;R$ 6000
cliente 543;PMW;SAO;1 dias;2 estrelas;R$ 4000
cliente 544;SSA;FLN;6 dias;5 estrelas;R$ 3000
cliente 545;SSA;SAO;3 dias;1 estrelas;R$ 5000
cliente 546;BSB;REC;6 dias;5 estrelas;R$ 7000
cliente 547;FOR;PMW;5 dias;3 estrelas;R$ 3000
cliente 548;BSB;FOR;4 dias;5 estrelas;R$ 6000
cliente 549;CUR;RIO;6 dias;1 estrelas;R$ 5000
cliente 550;BHZ;BSB;1 dias;2 estrelas;R$ 6000
cliente 551;RIO;PMW;4 dias;3 estrelas;R$ 7000
cliente 552;RIO;PMW;4 dias;5 estrelas;R$ 7000
cliente 553;GOI;REC;3 dias;2 estrelas;R$ 7000
cliente 554;RIO;BSB;4 dias;2 estrelas;R$ 3000
cliente 555;SSA;REC;1 dias;4 estrelas;R$ 4000
cliente 556;BSB;REC;4 dias;4 estrelas;R$ 3000
cliente 557;RIO;FLN;4 dias;2 estrelas;R$ 3000
cliente 558;CUR;BSB;3 dias;1 estrelas;R$ 7000
cliente 559;RIO;REC;2 dias;5 estrelas;R$ 7000
cliente 560;BHZ;CWB;6 dias;5 estrelas;R$ 4000
cliente 561;CWB;SSA;6 dias;4 estrelas;R$ 5000
cliente 562;SAO;SSA;1 dias;1 estrelas;R$ 5000
cliente 563;CWB;GOI;4 dias;4 estrelas;R$ 3000
cliente 564;SSA;REC;2 dias;2 estrelas;R$ 5000
cliente 565;SAO;BHZ;1 dias;2 estrelas;R$ 3000
cliente 566;PMW;FLN;4 dias;4 estrelas;R$ 7000
cliente 567;FLN;PMW;1 dias;2 estrelas;R$ 4000
cliente 568;GOI;PMW;3 dias;3 estrelas;R$ 3000
cliente 569;BHZ;REC;5 dias;1 estrelas;R$ 5000
cliente 570;BSB;BHZ;4 dias;5 estrelas;R$ 4000
cliente 571;REC;FLN;7 dias;3 estrelas;R$ 7000
cliente 572;REC;CUR;7 dias;1 estrelas;R$ 6000
cliente 573;CUR;REC;7 dias;3 estrelas;R$ 3000
cliente 574;PMW;RIO;7 dias;2 estrelas;R$ 6000
cliente 575;FLN;PMW;2 dias;5 estrelas;R$ 6000
cliente 576;PMW;FOR;7 dias;1 estrelas;R$ 3000
cliente 577;PMW;FLN;2 dias;1 estrelas;R$ 6000
cliente 578;SAO;CWB;7 dias;4 estrelas;R$ 3000
cliente 579;PMW;FLN;4 dias;5 estrelas;R$ 6000
cliente 580;FLN;FOR;3 dias;3 estrelas;R$ 4000
cliente 581;FOR;BSB;5 dias;2 estrelas;R$ 7000
cliente 582;REC;FLN;4 dias;4 estrelas;R$ 5000
cliente 583;BSB;RIO;1 dias;3 estrelas;R$ 4000
cliente 584;RIO;PMW;2 dias;2 estrelas;R$ 6000
cliente 585;CUR;BSB;6 dias;1 estrelas;R$ 3000
cliente 586;PMW;SSA;5 dias;1 estrelas;R$ 4000
cliente 587;RIO;SAO;4 dias;1 estrelas;R$ 7000
cliente 588;FOR;SSA;5 dias;5 estrelas;R$ 4000
cliente 589;RIO;REC;2 dias;5 estrelas;R$ 3000
cliente 590;CUR;SAO;5 dias;5 estrelas;R$ 6000
cliente 591;PMW;BHZ;5 dias;2 estrelas;R$ 6000
cliente 592;RIO;FOR;6 dias;1 estrelas;R$ 6000
cliente 593;FLN;SSA;4 dias;2 estrelas;R$ 3000
cliente 594;CUR;GOI;5 dias;3 estrelas;R$ 7000
cliente 595;RIO;SAO;6 dias;2 estrelas;R$ 5000
cliente 596;BSB;BHZ;2 dias;4 estrelas;R$ 3000
cliente 597;CUR;SAO;4 dias;5 estrelas;R$ 5000
cliente 598;CWB;SSA;2 dias;1 estrelas;R$ 6000
cliente 599;FOR;RIO;5 dias;3 estrelas;R$ 3000
cliente 600;REC;SSA;3 dias;4 estrelas;R$ 4000
cliente 601;SAO;RIO;2 dias;5 estrelas;R$ 4000
cliente 602;REC;SSA;6 dias;2 estrelas;R$ 3000
cliente 603;FLN;SAO;1 dias;5 estrelas;R$ 3000
cliente 604;BHZ;SAO;2 dias;3 estrelas;R$ 4000
cliente 605;SAO;FLN;3 dias;2 estrelas;R$ 3000
cliente 606;FLN;FOR;6 dias;3 estrelas;R$ 3000
cliente 607;BHZ;FLN;7 dias;4 estrelas;R$ 7000
cliente 608;PMW;CUR;7 dias;1 estrelas;R$ 5000
cliente 609;CWB;FOR;5 dias;3 estrelas;R$ 6000
cliente 610;REC;FLN;1 dias;1 estrelas;R$ 7000
cliente 611;CWB;FOR;7 dias;3 estrelas;R$ 4000
cliente 612;SAO;BHZ;2 dias;4 estrelas;R$ 7000
cliente 613;SAO;CWB;5 dias;3 estrelas;R$ 5000
cliente 614;CWB;SSA;5 dias;2 estrelas;R$ 5000
cliente 615;PMW;FOR;1 dias;3 estrelas;R$ 5000
cliente 616;SSA;FLN;3 dias;1 estrelas;R$ 7000
cliente 617;PMW;SAO;4 dias;5 estrelas;R$ 5000
cliente 618;RIO;SSA;1 dias;5 estrelas;R$ 4000
cliente 619;BHZ;SSA;4 dias;2 estrelas;R$ 4000
cliente 620;SAO;GOI;2 dias;3 estrelas;R$ 5000
cliente 621;PMW;CUR;2 dias;3 estrelas;R$ 4000
cliente 622;CUR;BHZ;3 dias;1 estrelas;R$ 6000
cliente 623;SAO;BHZ;3 dias;5 estrelas;R$ 3000
cliente 624;CWB;SAO;5 dias;5 estrelas;R$ 3000
cliente 625;FOR;SSA;5 dias;2 estrelas;R$ 5000
cliente 626;PMW;BHZ;3 dias;1 estrelas;R$ 7000
cliente 627;SAO;BHZ;7 dias;3 estrelas;R$ 7000
cliente 628;BSB;GOI;4 dias;2 estrelas;R$ 3000
cliente 629;SSA;CWB;7 dias;3 estrelas;R$ 3000
cliente 630;RIO;CWB;5 dias;2 estrelas;R$ 7000
cliente 631;SAO;FOR;2 dias;2 estrelas;R$ 6000
cliente 632;GOI;SAO;4 dias;1 estrelas;R$ 6000
cliente 633;BHZ;REC;2 dias;4 estrelas;R$ 7000
cliente 634;BHZ;GOI;7 dias;3 estrelas;R$ 3000
cliente 635;PMW;CWB;3 dias;4 estrelas;R$ 7000
cliente 636;SAO;GOI;5 dias;2 estrelas;R$ 4000
cliente 637;FOR;PMW;1 dias;2 estrelas;R$ 3000
cliente 638;PMW;GOI;4 dias;1 estrelas;R$ 7000
cliente 639;SSA;CWB;1 dias;1 estrelas;R$ 3000
cliente 640;GOI;BHZ;7 dias;4 estrelas;R$ 4000
cliente 641;REC;SAO;3 dias;5 estrelas;R$ 4000
cliente 642;SAO;CWB;3 dias;1 estrelas;R$ 3000
cliente 643;BSB;BHZ;1 dias;2 estrelas;R$ 7000
cliente 644;CUR;FLN;3 dias;5 estrelas;R$ 3000
cliente 645;CWB;REC;5 dias;1 estrelas;R$ 5000
cliente 646;FLN;BHZ;3 dias;4 estrelas;R$ 3000
cliente 647;CWB;CUR;3 dias;4 estrelas;R$ 5000
cliente 648;REC;BHZ;4 dias;1 estrelas;R$ 5000
cliente 649;SSA;CUR;5 dias;5 estrelas;R$ 5000
cliente 650;PMW;CUR;3 dias;3 estrelas;R$ 7000
cliente 651;SSA;CWB;2 dias;3 estrelas;R$ 3000
cliente 652;PMW;FLN;6 dias;5 estrelas;R$ 6000
cliente 653;FLN;CWB;4 dias;1 estrelas;R$ 3000
cliente 654;REC;FLN;1 dias;4 estrelas;R$ 3000
cliente 655;SSA;BHZ;6 dias;4 estrelas;R$ 6000
cliente 656;REC;RIO;7 dias;3 estrelas;R$ 4000
cliente 657;FLN;CWB;7 dias;1 estrelas;R$ 6000
cliente 658;SAO;FLN;2 dias;2 estrelas;R$ 6000
cliente 659;BSB;SAO;7 dias;5 estrelas;R$ 3000
cliente 660;FLN;FOR;3 dias;3 estrelas;R$ 6000
cliente 661;BHZ;CUR;4 dias;4 estrelas;R$ 7000
cliente 662;CWB;FLN;1 dias;5 estrelas;R$ 3000
cliente 663;PMW;FLN;5 dias;4 estrelas;R$ 7000
cliente 664;BHZ;SSA;4 dias;2 estrelas;R$ 6000
cliente 665;RIO;BHZ;1 dias;1 estrelas;R$ 7000
cliente 666;SSA;BSB;4 dias;3 estrelas;R$ 5000
cliente 667;BSB;FOR;2 dias;4 estrelas;R$ 4000
cliente 668;REC;FOR;1 dias;3 estrelas;R$ 7000
cliente 669;BSB;GOI;4 dias;3 estrelas;R$ 6000
cliente 670;GOI;FLN;4 dias;3 estrelas;R$ 4000
cliente 671;FLN;REC;3 dias;4 estrelas;R$ 7000
cliente 672;SAO;BHZ;6 dias;4 estrelas;R$ 7000
cliente 673;CWB;REC;7 dias;2 estrelas;R$ 4000
cliente 674;BHZ;GOI;7 dias;3 estrelas;R$ 5000
cliente 675;REC;SAO;7 dias;2 estrelas;R$ 7000
cliente 676;FLN;RIO;6 dias;2 estrelas;R$ 3000
cliente 677;RIO;CWB;7 dias;2 estrelas;R$ 3000
cliente 678;BSB;RIO;7 dias;5 estrelas;R$ 3000
cliente 679;GOI;CUR;7 dias;4 estrelas;R$ 4000
cliente 680;CUR;FLN;2 dias;5 estrelas;R$ 3000
cliente 681;FOR;SAO;2 dias;2 estrelas;R$ 4000
cliente 682;CUR;FLN;7 dias;5 estrelas;R$ 3000
cliente 683;GOI;PMW;2 dias;4 estrelas;R$ 6000
cliente 684;GOI;SSA;2 dias;2 estrelas;R$ 6000
cliente 685;FOR;FLN;4 dias;5 estrelas;R$ 7000
cliente 686;BHZ;RIO;1 dias;4 estrelas;R$ 3000
cliente 687;SSA;CUR;2 dias;2 estrelas;R$ 7000
cliente 688;BSB;RIO;6 dias;1 estrelas;R$ 7000
cliente 689;BHZ;BSB;6 dias;2 estrelas;R$ 7000
cliente 690;CWB;FLN;3 dias;2 estrelas;R$ 6000
cliente 691;GOI;RIO;7 dias;5 estrelas;R$ 4000
cliente 692;FOR;REC;7 dias;1 estrelas;R$ 7000
cliente 693;FOR;RIO;6 dias;4 estrelas;R$ 6000
cliente 694;FLN;BSB;2 dias;5 estrelas;R$ 3000
cliente 695;PMW;FLN;5 dias;5 estrelas;R$ 4000
cliente 696;FOR;REC;1 dias;1 estrelas;R$ 6000
cliente 697;REC;BSB;1 dias;4 estrelas;R$ 3000
cliente 698;CWB;FLN;2 dias;4 estrelas;R$ 3000
cliente 699;REC;FLN;1 dias;4 estrelas;R$ 5000
cliente 700;BSB;PMW;7 dias;1 estrelas;R$ 6000
cliente 701;PMW;CUR;1 dias;1 estrelas;R$ 3000
cliente 702;FOR;CWB;7 dias;1 estrelas;R$ 3000
cliente 703;GOI;SSA;7 dias;1 estrelas;R$ 5000
cliente 704;RIO;PMW;3 dias;4 estrelas;R$ 7000
cliente 705;CWB;FOR;6 dias;4 estrelas;R$ 4000
cliente 706;REC;BHZ;3 dias;1 estrelas;R$ 6000
cliente 707;CWB;SAO;6 dias;1 estrelas;R$ 7000
cliente 708;REC;PMW;3 dias;2 estrelas;R$ 6000
cliente 709;SSA;GOI;2 dias;1 estrelas;R$ 6000
cliente 710;SAO;PMW;3 dias;3 estrelas;R$ 5000
cliente 711;GOI;CUR;4 dias;3 estrelas;R$ 6000
cliente 712;BHZ;GOI;6 dias;3 estrelas;R$ 5000
cliente 713;FOR;FLN;6 dias;5 estrelas;R$ 5000
cliente 714;PMW;SAO;1 dias;5 estrelas;R$ 4000
cliente 715;FOR;SAO;4 dias;2 estrelas;R$ 7000
cliente 716;CUR;BSB;3 dias;1 estrelas;R$ 4000
cliente 717;BSB;SSA;7 dias;1 estrelas;R$ 6000
cliente 718;REC;SAO;1 dias;2 estrelas;R$ 3000
cliente 719;FOR;SSA;4 dias;3 estrelas;R$ 6000
cliente 720;PMW;BSB;4 dias;1 estrelas;R$ 7000
cliente 721;SSA;BHZ;6 dias;1 estrelas;R$ 7000
cliente 722;RIO;SSA;1 dias;1 estrelas;R$ 6000
cliente 723;FLN;CUR;2 dias;4 estrelas;R$ 3000
cliente 724;BHZ;GOI;2 dias;4 estrelas;R$ 7000
cliente 725;RIO;FLN;4 dias;5 estrelas;R$ 6000
cliente 726;BHZ;SAO;4 dias;3 estrelas;R$ 7000
cliente 727;RIO;CWB;5 dias;1 estrelas;R$ 3000
cliente 728;SSA;REC;3 dias;1 estrelas;R$ 6000
cliente 729;BSB;SAO;5 dias;5 estrelas;R$ 7000
cliente 730;BSB;FLN;3 dias;2 estrelas;R$ 7000
cliente 731;FOR;GOI;2 dias;2 estrelas;R$ 3000
cliente 732;REC;SSA;7 dias;2 estrelas;R$ 7000
cliente 733;SAO;CWB;7 dias;5 estrelas;R$ 4000
cliente 734;REC;CWB;6 dias;1 estrelas;R$ 4000
cliente 735;FOR;BSB;7 dias;5 estrelas;R$ 6000
cliente 736;PMW;REC;3 dias;2 estrelas;R$ 3000
cliente 737;RIO;SAO;3 dias;5 estrelas;R$ 7000
cliente 738;PMW;CUR;2 dias;2 estrelas;R$ 3000
cliente 739;REC;SAO;4 dias;5 estrelas;R$ 3000
cliente 740;BSB;CUR;6 dias;5 estrelas;R$ 7000
cliente 741;SAO;PMW;4 dias;5 estrelas;R$ 7000
cliente 742;GOI;BSB;1 dias;4 estrelas;R$ 3000
cliente 743;GOI;FOR;4 dias;3 estrelas;R$ 4000
cliente 744;BHZ;CWB;3 dias;1 estrelas;R$ 4000
cliente 745;CWB;SSA;3 dias;2 estrelas;R$ 6000
cliente 746;REC;BSB;4 dias;3 estrelas;R$ 3000
cliente 747;SSA;BSB;4 dias;2 estrelas;R$ 5000
cliente 748;BHZ;BSB;3 dias;4 estrelas;R$ 5000
cliente 749;SSA;REC;7 dias;2 estrelas;R$ 4000
cliente 750;BHZ;SAO;2 dias;5 estrelas;R$ 5000
cliente 751;SSA;REC;4 dias;2 estrelas;R$ 6000
cliente 752;FOR;RIO;6 dias;4 estrelas;R$ 4000
cliente 753;REC;SSA;4 dias;2 estrelas;R$ 5000
cliente 754;CUR;GOI;3 dias;2 estrelas;R$ 7000
cliente 755;BSB;CWB;4 dias;2 estrelas;R$ 4000
cliente 756;GOI;SAO;3 dias;3 estrelas;R$ 7000
cliente 757;FOR;GOI;5 dias;5 estrelas;R$ 4000
cliente 758;RIO;SSA;3 dias;1 estrelas;R$ 7000
cliente 759;CUR;RIO;1 dias;1 estrelas;R$ 4000
cliente 760;CWB;BHZ;1 dias;4 estrelas;R$ 4000
cliente 761;FLN;CWB;1 dias;3 estrelas;R$ 4000
cliente 762;GOI;FLN;1 dias;2 estrelas;R$ 5000
cliente 763;FOR;CWB;6 dias;2 estrelas;R$ 3000
cliente 764;RIO;CWB;1 dias;3 estrelas;R$ 5000
cliente 765;BSB;GOI;3 dias;1 estrelas;R$ 5000
cliente 766;REC;FOR;6 dias;5 estrelas;R$ 7000
cliente 767;SAO;PMW;4 dias;1 estrelas;R$ 6000
cliente 768;FLN;CUR;4 dias;5 estrelas;R$ 5000
cliente 769;BSB;SSA;2 dias;3 estrelas;R$ 7000
cliente 770;FOR;SSA;4 dias;3 estrelas;R$ 6000
cliente 771;CWB;REC;2 dias;2 estrelas;R$ 6000
cliente 772;BHZ;BSB;5 dias;2 estrelas;R$ 6000
cliente 773;REC;SSA;3 dias;4 estrelas;R$ 5000
cliente 774;BHZ;CUR;6 dias;4 estrelas;R$ 5000
cliente 775;BSB;SAO;7 dias;4 estrelas;R$ 7000
cliente 776;PMW;FLN;3 dias;2 estrelas;R$ 4000
cliente 777;BHZ;BSB;6 dias;5 estrelas;R$ 4000
cliente 778;SAO;FOR;2 dias;1 estrelas;R$ 3000
cliente 779;FLN;PMW;6 dias;5 estrelas;R$ 3000
cliente 780;GOI;REC;7 dias;4 estrelas;R$ 4000
cliente 781;SSA;RIO;3 dias;1 estrelas;R$ 6000
cliente 782;PMW;REC;7 dias;1 estrelas;R$ 6000
cliente 783;RIO;BHZ;4 dias;3 estrelas;R$ 3000
cliente 784;CUR;SAO;7 dias;5 estrelas;R$ 7000
cliente 785;CUR;GOI;5 dias;4 estrelas;R$ 6000
cliente 786;CWB;GOI;1 dias;5 estrelas;R$ 7000
cliente 787;PMW;CWB;3 dias;4 estrelas;R$ 7000
cliente 788;CWB;SAO;7 dias;5 estrelas;R$ 3000
cliente 789;CUR;BSB;5 dias;2 estrelas;R$ 3000
cliente 790;SSA;SAO;2 dias;4 estrelas;R$ 7000
cliente 791;CWB;BSB;4 dias;4 estrelas;R$ 4000
cliente 792;FLN;SAO;3 dias;4 estrelas;R$ 6000
cliente 793;GOI;SSA;5 dias;1 estrelas;R$ 5000
cliente 794;CWB;CUR;6 dias;4 estrelas;R$ 6000
cliente 795;BSB;SSA;7 dias;4 estrelas;R$ 4000
cliente 796;PMW;GOI;7 dias;5 estrelas;R$ 5000
cliente 797;SAO;CUR;1 dias;4 estrelas;R$ 7000
cliente 798;GOI;BSB;1 dias;3 estrelas;R$ 7000
cliente 799;RIO;FLN;1 dias;2 estrelas;R$ 6000
cliente 800;RIO;BHZ;6 dias;3 estrelas;R$ 4000
cliente 801;FLN;BSB;3 dias;4 estrelas;R$ 6000
cliente 802;FLN;CUR;1 dias;4 estrelas;R$ 6000
cliente 803;FLN;CWB;6 dias;1 estrelas;R$ 3000
cliente 804;FOR;CUR;4 dias;3 estrelas;R$ 6000
cliente 805;RIO;REC;7 dias;1 estrelas;R$ 3000
cliente 806;RIO;BHZ;3 dias;5 estrelas;R$ 6000
cliente 807;RIO;BSB;1 dias;3 estrelas;R$ 3000
cliente 808;RIO;CUR;4 dias;3 estrelas;R$ 7000
cliente 809;CWB;GOI;7 dias;1 estrelas;R$ 5000
cliente 810;CUR;FLN;1 dias;1 estrelas;R$ 3000
cliente 811;GOI;FLN;6 dias;4 estrelas;R$ 6000
cliente 812;BHZ;RIO;1 dias;3 estrelas;R$ 3000
cliente 813;FOR;CWB;1 dias;4 estrelas;R$ 4000
cliente 814;BSB;RIO;5 dias;4 estrelas;R$ 3000
cliente 815;CWB;SAO;6 dias;3 estrelas;R$ 6000
cliente 816;PMW;GOI;7 dias;5 estrelas;R$ 7000
cliente 817;GOI;REC;1 dias;1 estrelas;R$ 3000
cliente 818;GOI;PMW;4 dias;1 estrelas;R$ 3000
cliente 819;BHZ;PMW;2 dias;1 estrelas;R$ 6000
cliente 820;SSA;CWB;5 dias;5 estrelas;R$ 6000
cliente 821;SAO;FLN;6 dias;1 estrelas;R$ 6000
cliente 822;CWB;GOI;1 dias;2 estrelas;R$ 7000
cliente 823;REC;BHZ;2 dias;3 estrelas;R$ 7000
cliente 824;CUR;FOR;7 dias;4 estrelas;R$ 7000
cliente 825;BHZ;GOI;2 dias;2 estrelas;R$ 6000
cliente 826;GOI;PMW;5 dias;1 estrelas;R$ 3000
cliente 827;BSB;PMW;2 dias;3 estrelas;R$ 3000
cliente 828;PMW;SSA;1 dias;5 estrelas;R$ 6000
cliente 829;FOR;SAO;7 dias;3 estrelas;R$ 5000
cliente 830;GOI;SSA;1 dias;4 estrelas;R$ 3000
cliente 831;BSB;BHZ;7 dias;2 estrelas;R$ 5000
cliente 832;BHZ;RIO;3 dias;4 estrelas;R$ 6000
cliente 833;REC;CWB;2 dias;2 estrelas;R$ 5000
cliente 834;SAO;GOI;5 dias;1 estrelas;R$ 7000
cliente 835;CUR;PMW;4 dias;2 estrelas;R$ 5000
cliente 836;RIO;BHZ;7 dias;2 estrelas;R$ 6000
cliente 837;FLN;CWB;7 dias;3 estrelas;R$ 4000
cliente 838;GOI;SAO;1 dias;1 estrelas;R$ 6000
cliente 839;RIO;CWB;2 dias;4 estrelas;R$ 6000
cliente 840;SSA;GOI;1 dias;2 estrelas;R$ 5000
cliente 841;GOI;SSA;6 dias;2 estrelas;R$ 3000
cliente 842;BSB;RIO;2 dias;3 estrelas;R$ 6000
cliente 843;PMW;GOI;2 dias;3 estrelas;R$ 5000
cliente 844;CWB;CUR;4 dias;5 estrelas;R$ 4000
cliente 845;CWB;REC;6 dias;5 estrelas;R$ 4000
cliente 846;BSB;GOI;7 dias;5 estrelas;R$ 6000
cliente 847;SAO;BSB;5 dias;2 estrelas;R$ 6000
cliente 848;GOI;CUR;7 dias;1 estrelas;R$ 5000
cliente 849;PMW;REC;5 dias;5 estrelas;R$ 5000
cliente 850;BHZ;CUR;3 dias;4 estrelas;R$ 5000
cliente 851;FLN;REC;5 dias;3 estrelas;R$ 7000
cliente 852;BHZ;SSA;2 dias;3 estrelas;R$ 7000
cliente 853;GOI;RIO;3 dias;1 estrelas;R$ 6000
cliente 854;PMW;REC;4 dias;4 estrelas;R$ 7000
cliente 855;SSA;GOI;5 dias;2 estrelas;R$ 6000
cliente 856;BSB;FLN;6 dias;2 estrelas;R$ 3000
cliente 857;CUR;SAO;6 dias;5 estrelas;R$ 6000
cliente 858;SSA;REC;1 dias;1 estrelas;R$ 3000
cliente 859;FOR;REC;1 dias;1 estrelas;R$ 6000
cliente 860;GOI;CUR;6 dias;4 estrelas;R$ 4000
cliente 861;FLN;SSA;4 dias;4 estrelas;R$ 5000
cliente 862;BHZ;SSA;7 dias;2 estrelas;R$ 4000
cliente 863;BSB;CWB;1 dias;3 estrelas;R$ 7000
cliente 864;REC;FOR;2 dias;4 estrelas;R$ 5000
cliente 865;FOR;GOI;6 dias;1 estrelas;R$ 4000
cliente 866;CWB;GOI;6 dias;4 estrelas;R$ 4000
cliente 867;BSB;BHZ;6 dias;5 estrelas;R$ 4000
cliente 868;FLN;GOI;4 dias;3 estrelas;R$ 7000
cliente 869;RIO;CUR;1 dias;2 estrelas;R$ 4000
cliente 870;BHZ;SAO;6 dias;5 estrelas;R$ 6000
cliente 871;GOI;CWB;6 dias;3 estrelas;R$ 4000
cliente 872;BSB;FLN;4 dias;4 estrelas;R$ 5000
cliente 873;SAO;CWB;4 dias;5 estrelas;R$ 4000
cliente 874;GOI;RIO;3 dias;1 estrelas;R$ 4000
cliente 875;CUR;SAO;6 dias;2 estrelas;R$ 6000
cliente 876;CUR;SSA;1 dias;2 estrelas;R$ 6000
cliente 877;PMW;SAO;6 dias;3 estrelas;R$ 6000
cliente 878;CWB;CUR;2 dias;4 estrelas;R$ 3000
cliente 879;CWB;RIO;6 dias;5 estrelas;R$ 4000
cliente 880;CWB;SAO;1 dias;1 estrelas;R$ 4000
cliente 881;FOR;RIO;3 dias;5 estrelas;R$ 6000
cliente 882;SAO;GOI;6 dias;4 estrelas;R$ 6000
cliente 883;PMW;FLN;4 dias;2 estrelas;R$ 6000
cliente 884;CWB;REC;6 dias;4 estrelas;R$ 6000
cliente 885;BSB;FLN;4 dias;3 estrelas;R$ 5000
cliente 886;CWB;CUR;7 dias;3 estrelas;R$ 4000
cliente 887;CWB;BHZ;2 dias;4 estrelas;R$ 7000
cliente 888;REC;FOR;5 dias;3 estrelas;R$ 7000
cliente 889;GOI;FOR;6 dias;4 estrelas;R$ 6000
cliente 890;BHZ;FOR;6 dias;1 estrelas;R$ 3000
cliente 891;GOI;BSB;1 dias;2 estrelas;R$ 4000
cliente 892;CUR;FLN;1 dias;3 estrelas;R$ 4000
cliente 893;FLN;FOR;7 dias;5 estrelas;R$ 6000
cliente 894;FOR;RIO;6 dias;2 estrelas;R$ 4000
cliente 895;RIO;PMW;5 dias;5 estrelas;R$ 4000
cliente 896;FLN;GOI;3 dias;2 estrelas;R$ 3000
cliente 897;SAO;CWB;2 dias;2 estrelas;R$ 4000
cliente 898;GOI;CWB;6 dias;5 estrelas;R$ 3000
cliente 899;REC;FLN;1 dias;4 estrelas;R$ 5000
cliente 900;GOI;FLN;6 dias;5 estrelas;R$ 7000
cliente 901;GOI;SSA;1 dias;5 estrelas;R$ 7000
cliente 902;PMW;CUR;2 dias;3 estrelas;R$ 4000
cliente 903;FOR;REC;2 dias;5 estrelas;R$ 7000
cliente 904;REC;GOI;1 dias;2 estrelas;R$ 6000
cliente 905;GOI;CWB;6 dias;5 estrelas;R$ 3000
cliente 906;FOR;BSB;3 dias;3 estrelas;R$ 3000
cliente 907;SAO;BSB;3 dias;5 estrelas;R$ 4000
cliente 908;REC;SSA;6 dias;4 estrelas;R$ 3000
cliente 909;BSB;FLN;5 dias;2 estrelas;R$ 6000
cliente 910;SSA;CUR;6 dias;3 estrelas;R$ 4000
cliente 911;PMW;GOI;3 dias;5 estrelas;R$ 5000
cliente 912;FLN;GOI;5 dias;1 estrelas;R$ 6000
cliente 913;FLN;CUR;7 dias;2 estrelas;R$ 4000
cliente 914;CWB;BSB;7 dias;3 estrelas;R$ 6000
cliente 915;BHZ;PMW;2 dias;5 estrelas;R$ 4000
cliente 916;RIO;FOR;5 dias;2 estrelas;R$ 5000
cliente 917;FLN;CWB;6 dias;3 estrelas;R$ 5000
cliente 918;FLN;CUR;7 dias;2 estrelas;R$ 7000
cliente 919;RIO;PMW;2 dias;2 estrelas;R$ 5000
cliente 920;BHZ;CWB;5 dias;1 estrelas;R$ 7000
cliente 921;PMW;GOI;3 dias;3 estrelas;R$ 7000
cliente 922;CWB;BSB;1 dias;1 estrelas;R$ 4000
cliente 923;PMW;SAO;3 dias;5 estrelas;R$ 5000
cliente 924;GOI;FLN;2 dias;4 estrelas;R$ 4000
cliente 925;BHZ;REC;6 dias;4 estrelas;R$ 7000
cliente 926;SSA;REC;6 dias;5 estrelas;R$ 3000
cliente 927;CWB;GOI;2 dias;2 estrelas;R$ 3000
cliente 928;FLN;PMW;1 dias;3 estrelas;R$ 4000
cliente 929;CWB;BHZ;3 dias;1 estrelas;R$ 5000
cliente 930;PMW;SSA;1 dias;1 estrelas;R$ 3000
cliente 931;CWB;PMW;4 dias;1 estrelas;R$ 4000
cliente 932;CWB;BHZ;6 dias;2 estrelas;R$ 6000
cliente 933;SAO;CUR;7 dias;5 estrelas;R$ 4000
cliente 934;GOI;BSB;3 dias;1 estrelas;R$ 3000
cliente 935;REC;FLN;7 dias;2 estrelas;R$ 6000
cliente 936;RIO;REC;5 dias;4 estrelas;R$ 7000
cliente 937;GOI;CWB;5 dias;4 estrelas;R$ 5000
cliente 938;CUR;FOR;4 dias;1 estrelas;R$ 4000
cliente 939;CWB;SAO;4 dias;3 estrelas;R$ 4000
cliente 940;REC;FLN;1 dias;1 estrelas;R$ 7000
cliente 941;BSB;CWB;2 dias;2 estrelas;R$ 3000
cliente 942;FOR;REC;5 dias;4 estrelas;R$ 6000
cliente 943;CUR;SAO;4 dias;3 estrelas;R$ 4000
cliente 944;FLN;REC;4 dias;1 estrelas;R$ 6000
cliente 945;CUR;PMW;5 dias;3 estrelas;R$ 4000
cliente 946;CUR;RIO;4 dias;3 estrelas;R$ 6000
cliente 947;PMW;RIO;5 dias;3 estrelas;R$ 6000
cliente 948;FOR;SAO;2 dias;4 estrelas;R$ 4000
cliente 949;RIO;SAO;3 dias;3 estrelas;R$ 3000
cliente 950;CUR;CWB;2 dias;1 estrelas;R$ 3000
cliente 951;SSA;BSB;5 dias;3 estrelas;R$ 7000
cliente 952;BHZ;FOR;1 dias;5 estrelas;R$ 3000
cliente 953;SAO;FLN;5 dias;1 estrelas;R$ 4000
cliente 954;SSA;GOI;7 dias;4 estrelas;R$ 7000
cliente 955;FLN;PMW;6 dias;5 estrelas;R$ 4000
cliente 956;RIO;GOI;5 dias;2 estrelas;R$ 4000
cliente 957;REC;FLN;7 dias;1 estrelas;R$ 3000
cliente 958;REC;GOI;7 dias;5 estrelas;R$ 4000
cliente 959;PMW;FLN;4 dias;5 estrelas;R$ 7000
cliente 960;CWB;RIO;6 dias;4 estrelas;R$ 5000
cliente 961;REC;SSA;1 dias;2 estrelas;R$ 4000
cliente 962;BSB;PMW;6 dias;5 estrelas;R$ 7000
cliente 963;SSA;CWB;5 dias;5 estrelas;R$ 5000
cliente 964;SAO;BSB;5 dias;2 estrelas;R$ 7000
cliente 965;FLN;REC;5 dias;4 estrelas;R$ 3000
cliente 966;GOI;PMW;1 dias;4 estrelas;R$ 7000
cliente 967;SAO;FOR;1 dias;2 estrelas;R$ 6000
cliente 968;SAO;SSA;5 dias;3 estrelas;R$ 6000
cliente 969;CWB;REC;7 dias;3 estrelas;R$ 6000
cliente 970;CWB;SAO;1 dias;2 estrelas;R$ 4000
cliente 971;SSA;SAO;5 dias;3 estrelas;R$ 5000
cliente 972;FOR;BHZ;2 dias;4 estrelas;R$ 4000
cliente 973;GOI;SAO;2 dias;5 estrelas;R$ 3000
cliente 974;SAO;BHZ;1 dias;4 estrelas;R$ 4000
cliente 975;GOI;FLN;3 dias;1 estrelas;R$ 4000
cliente 976;FLN;SAO;2 dias;4 estrelas;R$ 6000
cliente 977;CWB;BSB;5 dias;5 estrelas;R$ 4000
cliente 978;RIO;FOR;7 dias;1 estrelas;R$ 5000
cliente 979;CWB;FOR;4 dias;4 estrelas;R$ 6000
cliente 980;SSA;CWB;7 dias;1 estrelas;R$ 5000
cliente 981;CUR;REC;3 dias;1 estrelas;R$ 6000
cliente 982;SSA;SAO;5 dias;1 estrelas;R$ 6000
cliente 983;SAO;PMW;6 dias;5 estrelas;R$ 7000
cliente 984;CUR;RIO;6 dias;4 estrelas;R$ 3000
cliente 985;BHZ;BSB;7 dias;4 estrelas;R$ 6000
cliente 986;CWB;GOI;7 dias;4 estrelas;R$ 6000
cliente 987;REC;BHZ;3 dias;1 estrelas;R$ 4000
cliente 988;PMW;GOI;5 dias;5 estrelas;R$ 5000
cliente 989;CUR;SAO;5 dias;1 estrelas;R$ 3000
cliente 990;CUR;SAO;5 dias;1 estrelas;R$ 5000
cliente 991;FOR;CWB;3 dias;5 estrelas;R$ 7000
cliente 992;FLN;BSB;7 dias;4 estrelas;R$ 5000
cliente 993;BSB;FOR;1 dias;5 estrelas;R$ 3000
cliente 994;SSA;SAO;6 dias;3 estrelas;R$ 4000
cliente 995;CWB;GOI;4 dias;5 estrelas;R$ 4000
cliente 996;BHZ;SAO;6 dias;1 estrelas;R$ 3000
cliente 997;PMW;CUR;4 dias;5 estrelas;R$ 3000
cliente 998;BHZ;FLN;7 dias;5 estrelas;R$ 4000
cliente 999;PMW;CWB;1 dias;1 estrelas;R$ 7000
